Яковлев 	Яков Эдуардович	loginDEgeq2018	&&Eim0	Менеджер по закупкам
Копылов 	Куприян Пётрович	loginDEjvz2018	&|bGTy	Менеджер по продажам
Жуков 	Юлиан Валерьянович	loginDEsyh2018	&4jYGs	Менеджер по закупкам
Якушева 	Анастасия Якуновна	loginDEwvl2018	&9Vpqk	Менеджер по продажам
Куликов 	Андрей Святославович	loginDEfsp2018	&dtlI+	Мастер
Пахомова 	Зинаида Витальевна	loginDEwtz2018	&GxSST	Заказчик
Пахомова 	Антонина Еремеевна	loginDEpba2018	&HmMXH	Мастер
Николаева 	Ирина Федотовна	loginDEtol2018	&ksGM5	Директор
Игнатьева 	Евгения Валентиновна	loginDEwgk2018	&mfI9l	Мастер
Колобова 	Иванна Геннадьевна	loginDEaon2018	&OmaNE	Мастер
Никонов 	Роман Геласьевич	loginDEwdm2018	&PynqU	Менеджер по продажам
Баранов 	Андрей Евсеевич	loginDEqdb2018	&S*k|o	Менеджер по продажам
Соколова 	Марфа Всеволодовна	loginDErog2018	&W4Wtq	Заказчик
Рыбакова 	Евдокия Анатольевна	loginDExsu2018	*2RMsp	Заказчик
Копылова 	Иванна Геласьевна	loginDEmoq2018	*bhJb4	Менеджер по закупкам
Сорокин 	Сергей Олегович	loginDEoqc2018	*Cm6gW	Менеджер по продажам
Родионов 	Святослав Олегович	loginDEyxm2018	*DB|&d	Менеджер по закупкам
Панова 	Тамара Протасьевна	loginDEmqf2018	*eh|rQ	Заказчик
Гордеев 	Виктор Эдуардович	loginDEhyk2018	*gN}Tc	Директор
Архипова 	Венера Демьяновна	loginDEery2018	*I0Rdi	Мастер
Игнатова 	Марфа Артёмовна	loginDEoby2018	*j704g	Менеджер по продажам
Самойлов 	Богдан Геласьевич	loginDEjdf2018	*jzOGy	Директор
Матвеев 	Илья Федосеевич	loginDEysy2018	*M+eyt	Директор
Козлов 	Эдуард Протасьевич	loginDEyzm2018	*Nx7JS	Директор
Васильева 	Маргарита Валерьяновна	loginDEuxd2018	*PI3KN	Менеджер по закупкам
Панфилова 	Василиса Григорьевна	loginDEikb2018	*QkUxc	Директор
Некрасова 	Клавдия Денисовна	loginDEdrx2018	*SZ7TL	Менеджер по закупкам
Денисов 	Дамир Филатович	loginDEabf2018	*Tasm+	Мастер
Макарова 	Маргарита Всеволодовна	loginDEwua2018	*tyvel	Мастер
Уварова 	Наталья Евгеньевна	loginDEfvq2018	*uGVVE	Менеджер по продажам
Никифоров 	Владлен Васильевич	loginDEijp2018	*V969Y	Заказчик
Дьячкова 	Ираида Якововна	loginDEcsm2018	*X3Tl8	Менеджер по закупкам
Власов 	Вадим Васильевич	loginDEtfj2018	{{ksPn	Мастер
Третьяков 	Фёдор Вадимович	loginDEsmf2018	{{O2QG	Заказчик
Белоусов 	Антонин Яковович	loginDExzi2018	{+1T1M	Директор
Ширяев 	Иван Игоревич	loginDEfhd2018	{4wU7n	Директор
Кудрявцева 	Жанна Демьяновна	loginDErsy2018	{Aa6nS	Менеджер по продажам
Савельев 	Арсений Авксентьевич	loginDEpnb2018	{ADBdc	Директор
Медведева 	Пелагея Мартыновна	loginDEubq2018	{jzW2v	Менеджер по продажам
Ларионова 	Антонина Игнатьевна	loginDEpsb2018	{O|F*N	Мастер
Кузнецова 	Элеонора Матвеевна	loginDEnux2018	{XMSKj	Директор
Наумова 	Лидия Донатовна	loginDEmfu2018	{ZpDBn	Мастер
Горбунова 	Нинель Сергеевна	loginDErch2018	|&DFy+	Мастер
Кондратьев 	Геннадий Дмитрьевич	loginDEave2018	|+aXyG	Директор
Самсонов 	Агафон Максимович	loginDEthu2018	|0xWzV	Заказчик
Третьяков 	Юрий Станиславович	loginDEdis2018	|1+hrs	Менеджер по закупкам
Белов 	Геласий Серапионович	loginDEuzv2018	|6J|mm	Директор
Котов 	Денис Мартынович	loginDEgyi2018	|7nYPc	Директор
Михеева 	Евдокия Якововна	loginDEvdy2018	|9AaAE	Директор
Колесников 	Пантелеймон Якунович	loginDErvi2018	|9LJNA	Директор
Баранов 	Алексей Авдеевич	loginDEbka2018	|AbflR	Менеджер по продажам
Моисеева 	Надежда Протасьевна	loginDEcpb2018	|Be{Wn	Менеджер по продажам
Селезнёв 	Александр Никитевич	loginDEqda2018	|h+r}I	Мастер
Карпов 	Дмитрий Владимирович	loginDErwk2018	|nZOKu	Заказчик
Матвеев 	Яков Христофорович	loginDEcpv2018	|titk+	Директор
Владимиров 	Егор Пётрович	loginDEahk2018	|tP8kR	Мастер
Орлов 	Виктор Павлович	loginDEqms2018	|uq7Lb	Менеджер по продажам
Громов 	Богдан Максимович	loginDEytr2018	|vfIq2	Менеджер по закупкам
Ларионов 	Макар Якунович	loginDElme2018	|wu0n4	Менеджер по закупкам
Быков 	Дмитрий Валерьянович	loginDEzjs2018	|x{s+X	Менеджер по закупкам
Мишин 	Михаил Глебович	loginDEnxq2018	|yxsob	Мастер
Беспалова 	Надежда Владимировна	loginDEoyu2018	}*E9Se	Менеджер по закупкам
Сысоев 	Виктор Варламович	loginDEpbt2018	}}vuSH	Директор
Сергеева 	Агата Юрьевна	loginDEgbr2018	}+Ex1*	Менеджер по закупкам
Соколова 	Екатерина Руслановна	loginDEzxk2018	}+j40i	Менеджер по закупкам
Прохоров 	Олег Брониславович	loginDEtmt2018	}FOh*}	Менеджер по продажам
Кулаков 	Протасий Глебович	loginDEtbf2018	}g|DE+	Менеджер по продажам
Фёдоров 	Донат Егорович	loginDEfbq2018	}G4XKd	Менеджер по закупкам
Наумова 	Лариса Антоновна	loginDEsdu2018	}MbQZe	Менеджер по продажам
Беспалова 	Галина Дмитрьевна	loginDEatu2018	}nGbhZ	Менеджер по продажам
Агафонов 	Егор Еремеевич	loginDEuvg2018	}rhenI	Менеджер по продажам
Селиверстова 	Дарья Георгьевна	loginDEtun2018	}TKwPx	Мастер
Комиссарова 	Мария Владимировна	loginDEjgl2018	++04Tb	Мастер
Корнилова 	Марфа Макаровна	loginDEpxi2018	+5X&hy	Заказчик
Панова 	Ольга Олеговна	loginDEgbd2018	+86Nf*	Менеджер по продажам
Колобова 	Елена Евгеньевна	loginDExxv2018	+daE|T	Менеджер по продажам
Гришин 	Донат Константинович	loginDEthx2018	+t}zCu	Директор
Большаков 	Яков Протасьевич	loginDEqoh2018	+xRJ|2	Мастер
Горбунов 	Матвей Сергеевич	loginDEnjd2018	0&3HHn	Заказчик
Шилова 	Татьяна Георгьевна	loginDEpmj2018	0{6txi	Менеджер по продажам
Ефимова 	Александра Парфеньевна	loginDEusz2018	0||9by	Директор
Князев 	Дамир Валерьевич	loginDEfyh2018	04JQix	Мастер
Горшкова 	Агафья Онисимовна	loginDEpst2018	0CyGnX	Заказчик
Нестерова 	Нина Юрьевна	loginDErxe2018	0egZd8	Заказчик
Иванова 	 Зинаида Валерьевна	loginDEvod2018	0EW93v	Менеджер по продажам
Медведева 	Валентина Никитевна	loginDEsrr2018	0fO0YH	Менеджер по закупкам
Беляев 	Валентин Артёмович	loginDEmgu2018	0gC3bk	Менеджер по продажам
Мельникова 	Оксана Валентиновна	loginDEkvs2018	0GeIOP	Мастер
Суворов 	Егор Гордеевич	loginDEmom2018	0gSoaA	Мастер
Смирнова 	Елена Якововна	loginDExjm2018	0PYqey	Директор
Баранова 	Евдокия Игнатьевна	loginDEfzb2018	0Q6cQY	Заказчик
Уваров 	Федосей Донатович	loginDEwoq2018	0RQ1nZ	Менеджер по закупкам
Моисеев 	Фёдор Мэлсович	loginDEtri2018	0VC{f|	Менеджер по продажам
Гущина 	Ксения Романовна	loginDEzva2018	0vLvlW	Менеджер по закупкам
 Ершов 	Федосей Геласьевич	loginDEizo2018	0wQJ2L	Заказчик
Воронцова 	Нонна Дмитрьевна	loginDEhqg2018	0Z4{o3	Менеджер по продажам
Дмитриев 	Владислав Аркадьевич	loginDEzhp2018	16+8Jh	Директор
Дементьев 	Владлен Глебович	loginDEaou2018	1E6ONr	Заказчик
Тетерин 	Ириней Викторович	loginDEsct2018	1j*J8T	Директор
Беляев 	Якун Протасьевич	loginDEdoo2018	1jH&}l	Заказчик
Самсонова 	Феврония Арсеньевна	loginDEcdn2018	1MtIz}	Мастер
Суворов 	Илья Евсеевич	loginDEdgp2018	1WfJjo	Менеджер по закупкам
Капустин 	Федот Русланович	loginDEpul2018	1y2EaM	Директор
Большаков 	Владимир Филатович	loginDEttt2018	1YOnW3	Менеджер по продажам
Горшкова 	Евгения Васильевна	loginDEypj2018	2*3jan	Мастер
Ширяева 	Наина Васильевна	loginDEwkn2018	2*lKn+	Заказчик
Гордеев 	Аристарх Русланович	loginDEjcu2018	2+JLPl	Заказчик
Мартынова 	Клавдия Лукьяновна	loginDEyjy2018	20uyVz	Заказчик
Константинов 	Пётр Кондратович	loginDEyvi2018	22beR}	Директор
Соболева 	Валерия Всеволодовна	loginDEbed2018	282IYv	Менеджер по закупкам
Карпова 	Ольга Лукьевна	loginDEcor2018	2cIrC8	Заказчик
Александров 	Евсей Тихонович	loginDExkt2018	2EyCBy	Менеджер по продажам
Кулакова 	Оксана Ярославовна	loginDErqv2018	2LK9Pw	Мастер
Яковлев 	Ефим Ильяович	loginDEsar2018	2M2IQH	Заказчик
Соловьёв 	Андрей Александрович	loginDEsyq2018	2QbpBN	Менеджер по продажам
Орехова 	Ираида Николаевна	loginDEenm2018	2s1Lxh	Мастер
Авдеева 	Наталья Викторовна	loginDEazm2018	2seWAw	Менеджер по закупкам
Семёнова 	Алина Эдуардовна	loginDEcxl2018	2ToouN	Менеджер по закупкам
Белоусова 	Любовь Георгьевна	loginDEicr2018	3+|Sn{	Заказчик
Вишнякова 	Ия Данииловна	loginDEliu2018	32FyTl	Мастер
Миронова 	Галина Улебовна	loginDEydn2018	34I}X9	Менеджер по закупкам
Осипов 	Артём Мэлорович	loginDEgup2018	36|KhF	Заказчик
Николаева 	Василиса Всеволодовна	loginDEljn2018	368eRp	Директор
Сазонова 	Клавдия Евгеньевна	loginDEfzq2018	36H8f}	Директор
Блохин 	Богдан Улебович	loginDEtby2018	36YniT	Менеджер по закупкам
Жданова 	Анна Еремеевна	loginDEhio2018	3Aaqne	Менеджер по продажам
Кононов 	Эдуард Валентинович	loginDEgfw2018	3c2Ic1	Заказчик
Котова 	Элеонора Протасьевна	loginDEhyt2018	3E{ZDm	Менеджер по закупкам
Носова 	Наина Эдуардовна	loginDEcmk2018	3f+b0+	Директор
Игнатьев 	Игнатий Антонинович	loginDEaob2018	3fy+3I	Директор
Борисова 	Синклитикия Григорьевна	loginDEpfw2018	3kY3&K	Директор
Муравьёва 	Синклитикия Геннадьевна	loginDEzwx2018	3tICV1	Мастер
Жуков 	Игнатий Семёнович	loginDEuqk2018	3vE*Fb	Мастер
Маркова 	Евдокия Артёмовна	loginDEjct2018	3WpoK9	Мастер
Пономарёв 	Владлен Протасьевич	loginDEhnt2018	3X5|Jy	Директор
Кондратьева 	Наталья Юлиановна	loginDEmvy2018	3Y}DMk	Менеджер по закупкам
Артемьев 	Даниил Филатович	loginDEikh2018	3yKW4y	Заказчик
Фадеев 	Николай Денисович	loginDEmqg2018	4*M&VK	Заказчик
Филатов 	Константин Вадимович	loginDEejw2018	4}szdy	Заказчик
Игнатова 	Нинель Лаврентьевна	loginDEwkl2018	415qNv	Директор
Александров 	Владимир Дамирович	loginDEuuo2018	42XmH1	Заказчик
Андреева 	Ульяна Евгеньевна	loginDEala2018	46+ORY	Менеджер по закупкам
Панов 	Донат Александрович	loginDEoyy2018	4a0mnh	Мастер
Бобров 	Артём Валерьянович	loginDEhjr2018	4aeumW	Менеджер по закупкам
Воронцов 	Владимир Игнатьевич	loginDEewk2018	4baKX7	Менеджер по продажам
Иванов 	Яков Мэлорович	loginDEyfe2018	4Bbzpa	Заказчик
Лапин 	Алексей Витальевич	loginDEgno2018	4fqLiO	Директор
Бурова 	Наина Брониславовна	loginDEwap2018	4hny7k	Менеджер по продажам
Пономарёва 	Вера Руслановна	loginDEtww2018	4icZTg	Менеджер по закупкам
Одинцов 	Даниил Мстиславович	loginDEsvp2018	4kES&p	Менеджер по продажам
Сидоров 	Роман Иринеевич	loginDEijg2018	4QlKJW	Менеджер по продажам
Трофимов 	Ярослав Валентинович	loginDEdlw2018	4tyo1M	Заказчик
Громова 	Ульяна Егоровна	loginDEvbv2018	4X6wL5	Директор
Матвиенко 	Валерия Вячеславовна	loginDEccy2018	4zb2ow	Мастер
Белозёрова 	Алевтина Лаврентьевна	loginDEaee2018	5&qONH	Мастер
Ефимов 	Руслан Якунович	loginDEzer2018	5&R+zs	Директор
Иванова 	Ирина Мэлсовна	loginDEegj2018	52*BRY	Мастер
Андреев 	Ростислав Федосеевич	loginDEtlo2018	58Jxrg	Директор
Зыков 	Богдан Леонидович	loginDEill2018	5c|dSJ	Директор
Медведев 	Евгений Эдуардович	loginDEjzi2018	5cDW2|	Директор
Никонов 	Богдан Юлианович	loginDEvdj2018	5Eq6d|	Менеджер по продажам
Русаков 	Всеволод Игнатьевич	loginDErjn2018	5FMXpr	Мастер
Белоусова 	Лариса Валерьяновна	loginDEuxs2018	5FVwny	Менеджер по закупкам
Рожков 	Протасий Альвианович	loginDEisy2018	5k5dHN	Менеджер по продажам
Евсеев 	Игорь Донатович	loginDEmjb2018	5mm{ch	Менеджер по закупкам
Лихачёв 	Онисим Гордеевич	loginDErfg2018	5ovb1N	Мастер
Аксёнова 	Александра Лаврентьевна	loginDEklt2018	5QO|u4	Мастер
Агафонова 	Лариса Михаиловна	loginDEiry2018	5zu7+}	Менеджер по продажам
Ефремов 	Сергей Пантелеймонович	loginDEppn2018	6}i+FD	Мастер
Павлов 	Константин Гордеевич	loginDEquw2018	65j6kZ	Заказчик
Трофимов 	Кондрат Игоревич	loginDEtuk2018	6aDAzV	Менеджер по закупкам
Пахомова 	Эмилия Геласьевна	loginDEfnf2018	6cftrw	Мастер
Блохина 	Акулина Якуновна	loginDExzf2018	6cmjFd	Мастер
Исаев 	Дмитрий Аристархович	loginDEfrp2018	6dcR|9	Менеджер по продажам
Васильева 	Татьяна Пётровна	loginDErvn2018	6G+AZH	Директор
Колобова 	Алина Парфеньевна	loginDEdld2018	6OKEWQ	Заказчик
Кудрявцев 	Дамир Эдуардович	loginDEocb2018	6oLNd{	Директор
Федосеева 	Ольга Алексеевна	loginDEdmd2018	6xjzYR	Менеджер по закупкам
Артемьева 	Лариса Макаровна	loginDEyix2018	6zbXg*	Менеджер по закупкам
Мамонтова 	Ия Христофоровна	loginDEtms2018	70Z&Zy	Директор
Субботин 	Максим Георгьевич	loginDExbv2018	71t|e{	Менеджер по закупкам
Медведев 	Владимир Онисимович	loginDEfnd2018	74D9|d	Менеджер по продажам
Зыков 	Вячеслав Антонович	loginDEygj2018	7b6PUb	Менеджер по закупкам
Абрамова 	Милица Аристарховна	loginDEufs2018	7CLi&1	Директор
Яковлева 	Валерия Михаиловна	loginDEytk2018	7D9re0	Директор
Суханов 	Лукий Ростиславович	loginDEvai2018	7dX5WR	Менеджер по закупкам
Волков 	Ириней Ефимович	loginDEpav2018	7eur3a	Менеджер по продажам
Медведьева 	Таисия Тихоновна	loginDExyu2018	7Fg}9p	Заказчик
Меркушев 	Альберт Яковович	loginDEvij2018	7hn2va	Менеджер по закупкам
Мишина 	Глафира Вадимовна	loginDErbv2018	7NrYfL	Менеджер по продажам
Вишнякова 	Ирина Агафоновна	loginDEjgh2018	7w4c6u	Заказчик
Терентьев 	Игорь Александрович	loginDEell2018	7wQfBj	Заказчик
Сергеева 	Зоя Пётровна	loginDEguz2018	7wsWd4	Заказчик
Логинов 	Федот Святославович	loginDEgtt2018	7YD|BR	Менеджер по закупкам
Карпов 	Улеб Леонидович	loginDEcph2018	7YpE0p	Директор
Галкин 	Георгий Фёдорович	loginDExrk2018	8&vYwK	Заказчик
Зайцев 	Мэлс Русланович	loginDEwsi2018	8|JAAt	Менеджер по продажам
Уваров 	Руслан Иринеевич	loginDEyaa2018	8}w*yf	Менеджер по продажам
Тимофеева 	Елизавета Мэлсовна	loginDEkea2018	82af{y	Менеджер по продажам
Матвиенко 	Дамир Богданович	loginDEnbu2018	86uDLd	Мастер
Анисимова 	Таисия Улебовна	loginDEmmc2018	8a0pbC	Менеджер по закупкам
Тимофеева 	Ксения Валерьевна	loginDEyfd2018	8aKdb0	Мастер
Сафонова 	Нинель Якововна	loginDEfeo2018	8cI7vq	Мастер
Борисов 	Герман Дамирович	loginDErxm2018	8EavEy	Мастер
Носов 	Валерьян Дмитрьевич	loginDEuyv2018	8hhrZ}	Менеджер по закупкам
Александрова 	Иванна Лаврентьевна	loginDEjkw2018	8I8Yk1	Заказчик
Якушев 	Германн Мэлорович	loginDEkxq2018	8igB2p	Заказчик
Пестов 	Николай Константинович	loginDEqxo2018	8iqEG*	Менеджер по продажам
Рожков 	Дамир Ростиславович	loginDEzbo2018	8km&kZ	Менеджер по закупкам
Воробьёва 	Евпраксия Ильяовна	loginDEcpi2018	8lSh*o	Менеджер по закупкам
Гусева 	Алина Васильевна	loginDEelw2018	8m|p+S	Заказчик
Воронова 	Алла Юлиановна	loginDEyzh2018	8m6+}r	Заказчик
Маслов 	Дмитрий Иванович	loginDEpdp2018	8NvRfC	Менеджер по продажам
Ермаков 	Авдей Валентинович	loginDEqph2018	8OJ1yJ	Мастер
Стрелкова 	Лариса Варламовна	loginDEtyn2018	8qte+l	Менеджер по продажам
Козлова 	Вера Георгьевна	loginDExhd2018	8sE1Q5	Директор
Никитин 	Борис Евгеньевич	loginDEjrd2018	8tl2a+	Менеджер по продажам
Гурьева 	Кира Варламовна	loginDExkx2018	8uXYWo	Мастер
Иван 	Вячеславовна	loginDEmel2018	8zmoSV	Директор
Матвеев 	Борис Мэлорович	loginDEiwx2018	9{rX8I	Менеджер по продажам
Ситников 	Игорь Борисович	loginDEqup2018	95AU|R	Директор
Белоусов 	Лукьян Геласьевич	loginDEwbn2018	96TfQ|	Менеджер по закупкам
Дроздов 	Дмитрий Юлианович	loginDEgsp2018	9ACW}r	Заказчик
Кулаков 	Мартын Михаилович	loginDEhbm2018	9aObu4	Менеджер по закупкам
Анисимова 	Алина Протасьевна	loginDEwpn2018	9BBkXP	Мастер
Медведьев 	Фёдор Мэлсович	loginDEwyi2018	9eskgK	Мастер
Тетерин 	Всеволод Ростиславович	loginDEwlw2018	9gIoYv	Заказчик
Киселёв 	Валерьян Евгеньевич	loginDEurj2018	9ImBsL	Менеджер по закупкам
Юдин 	Герман Кондратович	loginDEwjg2018	9UfqWQ	Заказчик
Костин 	Константин Арсеньевич	loginDEtik2018	a&+vrv	Менеджер по закупкам
Авдеева 	Жанна Куприяновна	loginDEhmn2018	a|Iz|7	Менеджер по продажам
Кириллова 	Эмилия Федосеевна	loginDEfku2018	a1m+8c	Менеджер по продажам
Никонов 	Мэлс Лукьевич	loginDEuro2018	a1MIcO	Заказчик
Владимиров 	Протасий Витальевич	loginDEzsy2018	a6}lPi	Мастер
Иван 	Мэлоровна	loginDEtza2018	A7Qldh	Менеджер по продажам
Громов 	Куприян Святославович	loginDEbhd2018	a80d5I	Менеджер по продажам
Шарапова 	Марина Павловна	loginDEkjs2018	A8K6dL	Заказчик
Жданов 	Сергей Гордеевич	loginDExld2018	a8Vjkx	Мастер
Медведев 	Ириней Геннадьевич	loginDEjis2018	A9K++2	Менеджер по закупкам
Капустина 	Ульяна Игоревна	loginDEkuv2018	Ade++|	Менеджер по закупкам
Тарасова 	Людмила Макаровна	loginDEvrn2018	AfSRZI	 Заказчик
Морозова 	Клавдия Святославовна	 loginDEbho2018	AFvMyh	Директор
Семёнова 	Марина Юрьевна	loginDEuug2018	aHl3qb	Менеджер по продажам
Стрелков 	Максим Гордеевич	loginDEqov2018	AIINBG	Мастер
Ершов 	Сергей Геласьевич	loginDExss2018	AiQQ|q	Мастер
Ларионова 	Фёкла Филатовна	loginDEgzu2018	AkAXti	Директор
Зиновьев 	Лукий Владимирович	loginDEflj2018	alo84u	Заказчик
Кабанова 	Алла Фёдоровна	loginDEodw2018	AMSLmE	Заказчик
Тетерин 	Христофор Степанович	loginDEwcj2018	AMXhqA	Мастер
Маслова 	Мария Аристарховна	loginDEcuf2018	aOdzYf	Мастер
Крылова 	Людмила Германовна	loginDEnpc2018	AozkWP	Заказчик
Якушев 	Валерьян Викторович	loginDEckd2018	apfX0U	Директор
Красильников 	Тихон Богданович	loginDEsmg2018	ApH1By	Заказчик
Красильников 	Геннадий Романович	loginDEdfk2018	aqgkFV	Менеджер по продажам
Бобылёва 	Дарья Якуновна	loginDEsmq2018	ATVmM7	Мастер
Уваров 	Макар Юрьевич	loginDEpzs2018	AVm+Oj	Менеджер по продажам
Кабанова 	Таисия Донатовна	loginDEgwd2018	AVPVNQ	Заказчик
Медведев 	Эдуард Антонович	loginDEfse2018	axoHxw	Менеджер по закупкам
Иван 	Фёдоровна	loginDEupo2018	Az*YxR	Заказчик
Савин 	Пётр Артёмович	loginDEloi2018	azEz+L	Мастер
Крюков 	Даниил Онисимович	loginDEarc2018	AZin*Q	Менеджер по продажам
Сорокина 	Прасковья Фёдоровна	loginDEbur2018	aZKGeI	Менеджер по продажам
Баранов 	Анатолий Митрофанович	loginDEdsu2018	aZZhZQ	Заказчик
Блинов 	Артём Ильяович	loginDEctc2018	B&dlx+	Менеджер по закупкам
Казаков 	Онисим Анатольевич	loginDEtug2018	b{7&Zf	Заказчик
Пахомов 	Гордей Борисович	loginDEdys2018	B}2V7t	Мастер
Субботина 	Оксана Геннадьевна	loginDEiam2018	b+*n+0	Заказчик
Ситников 	Николай Филатович	loginDEbto2018	b1iYMI	Заказчик
Никонова 	Евгения Павловна	loginDEzro2018	B24s6o	Менеджер по закупкам
Журавлёва 	Пелагея Витальевна	loginDEszj2018	B6&cJf	Менеджер по закупкам
Щербаков 	Александр Федотович	loginDEmii2018	B84UwV	Менеджер по закупкам
Родионова 	Венера Арсеньевна	loginDEggp2018	bBNxJb	Менеджер по закупкам
Лаврентьева 	Валентина Васильевна	loginDEpwm2018	be7AT0	Заказчик
Фадеев 	Демьян Федосеевич	loginDEaxm2018	BEc3xq	Мастер
Гуляева 	Октябрина Кондратовна	loginDEitl2018	BECfk*	Менеджер по закупкам
Белова 	Марфа Матвеевна	loginDEepr2018	BG6tpN	Директор
Соловьёва 	Полина Игоревна	loginDErtg2018	bg7NzS	Заказчик
Корнилова 	Алина Игоревна	loginDEeiw2018	bLgTtm	Менеджер по закупкам
Киселёв 	Бронислав Арсеньевич	loginDEnvw2018	blqZ85	Менеджер по продажам
Богданова 	Марфа Владимировна	loginDEmrj2018	blrD&8	Директор
Мартынов 	Онисим Ярославович	loginDElkc2018	BOvRGk	Менеджер по продажам
Соболев 	Геннадий Якунович	loginDExic2018	bp&g7f	Менеджер по продажам
Андреев 	Руслан Федосеевич	loginDEhqm2018	BPvGYj	Мастер
Орехова 	Людмила Владимировна	loginDEkiy2018	BQzsts	Менеджер по закупкам
Авдеева 	Елизавета Федотовна	loginDEbbl2018	BXfnEL	Директор
Комаров 	Альвиан Юлианович	loginDEwbe2018	C&n1bj	Директор
Бурова 	Екатерина Ефимовна	loginDEpgx2018	c**OJQ	Заказчик
Журавлёва 	Вера Арсеньевна	loginDEtld2018	c+CECK	Менеджер по закупкам
Кудряшов 	Михаил Протасьевич	loginDEgbi2018	c29wfj	Мастер
Горшкова 	Людмила Филатовна	loginDEtyl2018	C4f}5e	Менеджер по закупкам
Евсеев 	Денис Борисович	loginDEcna2018	c4RbaU	Менеджер по продажам
Терентьева 	Вероника Протасьевна	loginDEgju2018	C7nYc{	Директор
Кузнецов 	Созон Викторович	loginDEmge2018	C947}j	Менеджер по закупкам
Турова 	Василиса Алексеевна	loginDEsty2018	Caam+a	Директор
Быкова 	Надежда Авксентьевна	loginDEjpa2018	cagBg7	Мастер
Волков 	Владлен Николаевич	loginDEiui2018	ce4&gT	Мастер
Устинова 	Ираида Мэлоровна	loginDErvb2018	ceAf&R	Директор
Мельникова 	Нонна Альвиановна	loginDEwrl2018	CeSxSp	Менеджер по продажам
Харитонов 	Ириней Авксентьевич	loginDEyeg2018	CFEe+Z	Заказчик
Сорокин 	Лаврентий Аркадьевич	loginDEivc2018	Ci52qh	Заказчик
Лебедев 	Парфений Якунович	loginDEjyc2018	cj9ECm	Менеджер по закупкам
Зуев 	Ириней Вадимович	loginDEffj2018	cJP+HC	Мастер
Кошелева 	Кира Владиславовна	loginDEdal2018	cJWXL0	Менеджер по продажам
Нестеров 	Авдей Митрофанович	loginDEnig2018	Cm00D0	Заказчик
Соболев 	Даниил Николаевич	loginDEzta2018	cMVEpF	Заказчик
Шилова 	Кира Егоровна	loginDEyiw2018	cnj3QR	Менеджер по продажам
Аксёнова 	Маргарита Артёмовна	loginDEtad2018	cp1gN+	Заказчик
Казаков 	Федот Кондратович	loginDEisg2018	Cp8ddU	Менеджер по закупкам
Никифоров 	Всеволод Иванович	loginDEjrm2018	Cpb+Im	Заказчик
Зуев 	Глеб Игнатьевич	loginDEjhx2018	cQlCrZ	Директор
Игнатьев 	Борис Владиславович	loginDEtbx2018	CQplH|	Менеджер по закупкам
Горбунов 	Павел Леонидович	loginDExyh2018	CRk03h	Мастер
Некрасова 	Алла Альбертовна	loginDEmad2018	cRKuGW	Мастер
Сергеев 	Георгий Кимович	loginDEmzj2018	crY1JZ	Мастер
Попов 	Илья Филатович	loginDEyza2018	CsA9|P	Менеджер по продажам
Щербаков 	Кондрат Фёдорович	loginDEljg2018	CT44Gc	Мастер
Пономарёв 	Христофор Русланович	loginDEher2018	cTlCHC	Мастер
Белозёрова 	Юлия Ростиславовна	loginDEset2018	CTN+IM	Директор
Евсеева 	Ксения Георгьевна	loginDEndq2018	cv7LdO	Менеджер по продажам
Сафонова 	Дарья Брониславовна	 loginDEmid2018	CVjLBK	Мастер
Кузнецов 	Фрол Варламович	loginDEfmn2018	cw3|03	Заказчик
Тихонов 	Валентин Авдеевич	loginDEapt2018	cwx{RH	Заказчик
Медведева 	Ирина Валентиновна	loginDEvys2018	CxXb+r	Мастер
Хохлова 	Виктория Глебовна	loginDEgmb2018	czGJP5	Менеджер по закупкам
Рожкова 	Пелагея Геннадьевна	loginDEnsx2018	czRSi3	Мастер
Корнилов 	Филат Артёмович	loginDEhzm2018	D*pP0+	Директор
Беспалов 	Еремей Мартынович	loginDElnh2018	D+83Ot	Менеджер по закупкам
Полякова 	Антонина Андреевна	loginDEhhf2018	d+GS5y	Заказчик
Наумова 	Пелагея Лукьяновна	loginDEybw2018	d+t136	Директор
Поляков 	Николай Антонович	loginDErmk2018	D3GuIv	Менеджер по продажам
Иван 	Семёновна	loginDEjwl2018	D4ZYHt	Менеджер по продажам
Иванов 	Антон Степанович	loginDEpnq2018	D69F&h	Заказчик
Моисеев 	Лукьян Вадимович	loginDErbm2018	D6SSd+	Заказчик
Костин 	Геласий Германнович	loginDEdba2018	D7xF6u	Мастер
Шестакова 	Евдокия Авксентьевна	loginDEtzs2018	D9G6j1	Мастер
Калинина 	Феврония Брониславовна	loginDEvel2018	dA5Kk+	Мастер
Пахомова 	Тамара Владиславовна	loginDElmm2018	dbX7VE	Мастер
Дорофеева 	Кира Демьяновна	loginDEqte2018	dC8bDI	Мастер
Мартынова 	Дарья Васильевна	loginDEbid2018	DeyUEY	Менеджер по закупкам
Ефремов 	Дмитрий Мартынович	loginDEhjw2018	dFb{aw	Директор
Романова 	Евдокия Альбертовна	loginDEide2018	dFR{Aq	Мастер
Коновалова 	Агафья Митрофановна	loginDEisp2018	dfz5Ii	Менеджер по закупкам
Силин 	Игорь Авдеевич	loginDExdm2018	DH68L9	Директор
Маслов 	Геннадий Куприянович	loginDEmiy2018	dK6+AE	Заказчик
Федосеев 	Пётр Григорьевич	loginDEaoi2018	Dl58m|	Менеджер по закупкам
Пономарёв 	Ким Семёнович	loginDEofx2018	dMTmGz	Заказчик
Сазонова 	Раиса Кондратовна	loginDEctg2018	dN+jod	Мастер
Макаров 	Егор Святославович	loginDEeib2018	DN0Zs&	Заказчик
Воробьёв 	Мартын Игоревич	loginDExeu2018	dObOMp	Заказчик
Авдеев 	Константин Станиславович	loginDEjjx2018	DP|ubQ	Менеджер по закупкам
Мишин 	Владлен Арсеньевич	loginDEkzy2018	DpvYbd	Мастер
Галкин 	Авксентий Ильяович	loginDEbvt2018	dQdmQF	Директор
Рыбаков 	Андрей Семёнович	loginDEdsm2018	dQPs1p	Менеджер по продажам
Костин 	Андрей Иринеевич	loginDEwik2018	DS{WpL	Менеджер по закупкам
Мухин 	Донат Ростиславович	loginDEwmq2018	ds4KAb	Директор
Медведьев 	Николай Мстиславович	loginDEvhm2018	DT}WrU	Менеджер по продажам
Щербаков 	Лукий Онисимович	loginDEdaq2018	dWsvBS	Заказчик
Зайцев 	Юрий Анатольевич	loginDEfjj2018	dyv&fw	Заказчик
Денисов 	Яков Даниилович	loginDEjyt2018	E&Ac|h	Менеджер по продажам
Беспалов 	Михаил Фёдорович	loginDEnng2018	E{1p}t	Заказчик
Капустин 	Фрол Пётрович	loginDEcdz2018	e1oDkm	Заказчик
Кондратьев 	Аркадий Михаилович	loginDEght2018	E3k7zP	Заказчик
Ситникова 	София Лукьевна	loginDEvni2018	e4pVIv	Заказчик
Григорьев 	Митрофан Парфеньевич	loginDEybt2018	e7uyxU	Директор
Афанасьева 	Марфа Куприяновна	loginDEzjn2018	E8c864	Менеджер по продажам
Самойлова 	Клавдия Владленовна	loginDEjre2018	Ea5FeF	Заказчик
Абрамова 	Оксана Ростиславовна	loginDExrn2018	eaI8ng	Заказчик
Красильникова 	Лариса Ефимовна	loginDEanl2018	EcBP7N	Менеджер по закупкам
Степанов 	Виталий Лукьевич	loginDEdrj2018	eD*hjv	Заказчик
Павлов 	Максим Фёдорович	loginDEnbi2018	Ed*JQP	Заказчик
Давыдов 	Яков Антонович	loginDEszw2018	EGU{YE	Мастер
Корнилов 	Иван Игоревич	loginDEcay2018	ehtG*H	Менеджер по продажам
Данилов 	Мстислав Олегович	loginDEhqt2018	EhWhoq	Мастер
Ефремова 	Варвара Иринеевна	loginDEyin2018	eikez3	Мастер
Суворов 	Всеволод Богданович	loginDEhuv2018	EJFYzS	Менеджер по закупкам
Дьячкова 	Екатерина Владленовна	loginDEjtt2018	eKlTzd	Директор
Комаров 	Всеволод Степанович	loginDEjgu2018	ELrDod	Менеджер по продажам
Шестаков 	Антон Константинович	loginDEyat2018	ELSTyH	Менеджер по продажам
Сергеева 	Таисия Альвиановна	loginDElvm2018	elWeXR	Заказчик
Игнатьев 	Федосей Парфеньевич	loginDEwpz2018	eMn{Kl	Директор
Воробьёв 	Владлен Фролович	loginDEwjo2018	EQaD|d	Мастер
Молчанов 	Юрий Лукьянович	loginDEjvp2018	etLGcB	Директор
Савельева 	Евфросиния Арсеньевна	loginDEvtg2018	ETMNzL	Директор
Александрова 	Нинель Мстиславовна	loginDEykk2018	EttWT{	Менеджер по закупкам
Зуева 	Марина Ильяовна	loginDEilc2018	eyRufZ	Менеджер по закупкам
Игнатьев 	Владлен Дамирович	loginDEadl2018	F&IWf4	Менеджер по закупкам
Харитонов 	Германн Ефимович	loginDEbdx2018	F|mMSS	Мастер
Игнатьев 	Авксентий Германович	loginDEoxo2018	f}*V{M	Менеджер по продажам
Кошелев 	Ростислав Куприянович	loginDEphn2018	F}jGsJ	Заказчик
Ситникова 	Ираида Андреевна	loginDEpqz2018	F0Bp7F	Менеджер по продажам
Шестаков 	Илья Антонинович	loginDEjtv2018	f2ZaN6	Заказчик
Поляков 	Евсей Алексеевич	loginDEcjd2018	F4Qv}x	Менеджер по закупкам
Коновалов 	Игнатий Юлианович	loginDEakk2018	f5aZnV	Менеджер по продажам
Логинов 	Егор Лаврентьевич	loginDEsyo2018	F743ca	Менеджер по закупкам
Лапина 	Иванна Аристарховна	loginDEbtr2018	FdZrI3	Мастер
Гришина 	Феврония Егоровна	loginDEcrj2018	FI&nQq	Мастер
Егоров 	Евсей Константинович	loginDEeeg2018	fIqIdE	Заказчик
Голубев 	Семён Олегович	loginDEuau2018	FNnhJ1	Менеджер по закупкам
Шаров 	Федосей Юрьевич	loginDEmbg2018	Fou{d3	Директор
Евдокимова 	Людмила Лаврентьевна	loginDEqhl2018	FQQRMz	Директор
Захаров 	Артём Вячеславович	loginDEqtm2018	fsKT+2	Заказчик
Большаков 	Лаврентий Валерьевич	loginDEwom2018	fU+Q0O	Директор
Мясникова 	Евфросиния Федотовна	loginDEcur2018	FuE312	Мастер
Петухова 	Василиса Еремеевна	loginDEsku2018	fUldqr	Директор
Попов 	Фрол Серапионович	loginDEgzq2018	FwZalk	Мастер
Юдин 	Антон Васильевич	loginDEiks2018	FXV&W*	Заказчик
Фомин 	Владимир Игнатьевич	loginDExid2018	FywuoL	Директор
Матвеев 	Павел Еремеевич	loginDEkws2018	fZj28G	Мастер
Максимов 	Донат Игнатьевич	loginDEiky2018	G&fF7n	Заказчик
Соколов 	Василий Михаилович	loginDEtps2018	G&lq7J	Директор
Суханов 	Мартын Глебович	loginDEkzp2018	G*n9OB	Директор
Ермакова 	Александра Куприяновна	loginDEvva2018	G{q*LD	Мастер
Стрелкова 	Фаина Федосеевна	loginDEpxc2018	G+nFsv	Заказчик
Устинова 	Зоя Созоновна	loginDExhs2018	g+wDAX	Мастер
Яковлева 	Ксения Онисимовна	loginDEhlk2018	g0jSed	Мастер
Лаврентьева 	Элеонора Агафоновна	loginDEidz2018	G5DP2D	Заказчик
Исаева 	Любовь Мэлоровна	loginDEmbm2018	g90TWM	Менеджер по закупкам
Сафонов 	Станислав Григорьевич	loginDEgpt2018	Gao1gX	Директор
Макаров 	Максим Ильяович	loginDEutd2018	GbcJvC	Менеджер по закупкам
Исакова 	Прасковья Олеговна	loginDEmos2018	gC*38U	Менеджер по продажам
Савельев 	Егор Сергеевич	loginDEvje2018	gCU1fd	Мастер
Герасимова 	Феврония Валерьяновна	loginDEgfx2018	GFSZAB	Менеджер по закупкам
Николаева 	Евдокия Пётровна	loginDEncq2018	GgG3m0	Менеджер по продажам
Андреева 	Анна Вячеславовна	loginDEddg2018	gGGhvD	Директор
Панов 	Никита Евсеевич	loginDEkxx2018	GhlUU&	Менеджер по закупкам
Суворов 	Дамир Яковович	loginDEtic2018	gIXztH	Директор
Жданов 	Степан Аристархович	loginDErnv2018	gJ1NYR	Заказчик
Тетерина 	Феврония Эдуардовна	loginDEriv2018	GJ2mHL	Менеджер по продажам
Петухова 	Элеонора Ильяовна	loginDEjgq2018	gJEYkn	Менеджер по продажам
Панов 	Пётр Пётрович	loginDEmyz2018	gKQ4r+	Директор
Кириллов 	Константин Алексеевич	loginDEiik2018	gKt2zV	Мастер
Селезнёв 	Егор Артёмович	loginDEfog2018	glICay	Мастер
Крюкова 	Октябрина Геннадьевна	loginDEbuk2018	gLK7UQ	Менеджер по закупкам
Артемьева 	Фаина Христофоровна	loginDEksx2018	gLTUuE	Директор
Быков 	Лаврентий Ярославович	loginDEevd2018	GMbcZN	Мастер
Буров 	Серапион Сергеевич	loginDEooj2018	GPf+Bw	Мастер
Герасимов 	Вячеслав Ростиславович	loginDEftn2018	gPq+a}	Мастер
Константинов 	Всеволод Мэлсович	loginDEueq2018	GqAUZ6	Менеджер по закупкам
Князев 	Геласий Евсеевич	loginDEghx2018	gue+iw	Менеджер по продажам
Владимиров 	Геласий Пантелеймонович	loginDEcbd2018	GwG*p6	Менеджер по закупкам
Буров 	Федот Егорович	loginDEpou2018	gX3f5Z	Директор
Ларионова 	Агата Ефимовна	loginDEcfc2018	GxVX}g	Менеджер по закупкам
Самсонов 	Альвиан Игнатьевич	loginDEqzo2018	Gy3lzx	Менеджер по продажам
Хохлов 	Семён Авдеевич	loginDEqbh2018	GZq4nd	Менеджер по продажам
Лебедев 	Герман Евгеньевич	loginDEzfz2018	GzUp*R	Заказчик
Сергеев 	Никита Валентинович	loginDEdqe2018	Gzy&A6	Менеджер по закупкам
Дроздова 	Александра Мартыновна	loginDEeiv2018	H*BxlS	Менеджер по закупкам
Фокин 	Бронислав Иванович	loginDEcvs2018	H*OqOg	Менеджер по закупкам
Кошелев 	Владислав Лукьянович	loginDEatn2018	h{QXsQ	Менеджер по продажам
Большакова 	Нинель Протасьевна	loginDEqiv2018	h+N2uW	Директор
Николаев 	Ефим Константинович	loginDElsk2018	h0OP2P	Менеджер по продажам
Николаев 	Руслан Варламович	loginDEclw2018	h5Q{Nx	Заказчик
Гусев 	Руслан Дамирович	loginDEjaw2018	h6z&Ky	Мастер
Егорова 	Фёкла Кондратовна	loginDEome2018	hAOrBa	Менеджер по продажам
Суворова 	Алина Антоновна	loginDEcxr2018	HCt|N1	Мастер
Лазарев 	Святослав Олегович	loginDEaim2018	HdgRJI	Директор
Исаков 	Филат Григорьевич	loginDEagt2018	HDZ&8{	Менеджер по продажам
Елисеев 	Евсей Борисович	loginDEzqo2018	HHG+eY	Менеджер по закупкам
Блинов 	Мэлор Ильяович	loginDEvem2018	HiD*0c	Менеджер по закупкам
Поляков 	Лукьян Викторович	loginDEknj2018	hKZfoC	Заказчик
Кононов 	Авдей Протасьевич	loginDEqca2018	hLEkgV	Заказчик
Кудрявцева 	Таисия Игоревна	loginDEhhx2018	hmCHeQ	Менеджер по закупкам
Суханова 	Ангелина Григорьевна	loginDEafi2018	hN8}Tj	Менеджер по закупкам
Лазарева 	Мария Сергеевна	loginDEgcs2018	hNDB+t	Заказчик
Захаров 	Фёдор Викторович	loginDEart2018	hnNvJ6	Менеджер по закупкам
Нестеров 	Андрей Даниилович	loginDEcsu2018	HOFZa6	Заказчик
Воробьёв 	Герман Романович	loginDEdmi2018	HOGFbU	Заказчик
Виноградов 	Яков Онисимович	loginDEmeh2018	HQ+m4W	Мастер
Носков 	Парфений Георгьевич	loginDElqv2018	Hqfw17	Заказчик
Туров 	Лукий Альбертович	loginDErgc2018	Hr9YpQ	Директор
Романова 	Марина Лаврентьевна	loginDEsnq2018	hrD}}g	Директор
Галкин 	Ярослав Фролович	loginDEzbd2018	hWTIZR	Мастер
Сазонова 	Оксана Лаврентьевна	loginDExvq2018	hX0wJz	Директор
Иван 	Протасьевна	loginDEllr2018	hXtdCD	Менеджер по закупкам
Поляков 	Яков Юлианович	loginDEajj2018	hzO1*o	Заказчик
Васильев 	Серапион Макарович	loginDExix2018	hzxtnn	Директор
Мишин 	Ростислав Пантелеймонович	loginDEeqk2018	I{iaU4	Менеджер по продажам
Зимина 	Лукия Дмитрьевна	loginDEjmx2018	i{OH{c	Менеджер по закупкам
Пестова 	Ия Святославовна	loginDErot2018	I+0E2j	Менеджер по продажам
Дорофеева 	Светлана Брониславовна	loginDExbs2018	I6DDeV	Мастер
Брагин 	Лукьян Мартынович	loginDEnaq2018	I8c5EB	Мастер
Петров 	Вадим Мэлорович	loginDEhiq2018	IbJ}qw	Менеджер по закупкам
Трофимов 	Иван Антонинович	loginDEmch2018	IC2+2a	Заказчик
Дроздов 	Владислав Эдуардович	loginDErhx2018	iCAe1v	Директор
Молчанова 	Эмилия Мэлсовна	loginDEbbt2018	IclO}d	Менеджер по продажам
Фадеев 	Христофор Вячеславович	loginDEtqn2018	IdjLc2	Директор
Денисова 	Ия Филатовна	loginDEhdc2018	iF+GK&	Мастер
Зыков 	Варлам Протасьевич	loginDExyn2018	IFFTHr	Мастер
Новиков 	Николай Мэлсович	loginDEwtx2018	Ig3rQJ	Заказчик
Сидоров 	Святослав Демьянович	loginDEjeh2018	IgW*|U	Мастер
Селезнёв 	Федот Валентинович	loginDEzbl2018	ih4xKJ	Менеджер по продажам
Власов 	Никита Мартынович	loginDEath2018	Ii{d2t	Мастер
Жданова 	Ангелина Якуновна	loginDErvp2018	iIOsgI	Заказчик
Денисов 	Митрофан Егорович	loginDExnj2018	IJDdP0	Менеджер по продажам
Гущина 	Анжела Аркадьевна	loginDEwbk2018	iJMh5B	Менеджер по продажам
Степанов 	Евсей Федотович	loginDEfuz2018	ILry03	Менеджер по закупкам
Виноградов 	Юрий Лукьевич	loginDEilb2018	IN2Ahc	Менеджер по продажам
Лапин 	Павел Макарович	loginDEecp2018	iOJ*u2	Директор
Федосеев 	Иван Валентинович	loginDEiyy2018	Ip|*iS	Заказчик
Виноградов 	Ростислав Еремеевич	loginDEjwb2018	IQ+a01	Мастер
Герасимов 	Донат Ефимович	loginDEsyc2018	IX+1o1	Менеджер по продажам
Савин 	Донат Ярославович	loginDEqwd2018	Ix4V{i	Мастер
Григорьева 	Глафира Антоновна	loginDEmly2018	IZJ7O|	Мастер
Степанова 	Маргарита Ильяовна	loginDEdmj2018	J+}Wvc	Менеджер по продажам
Третьяков 	Аристарх Геннадьевич	loginDEjef2018	J+F{R1	Заказчик
Ефимов 	Альвиан Серапионович	loginDEmty2018	J20FCe	Менеджер по продажам
Якушева 	Лукия Васильевна	loginDEoez2018	j7qgHy	Мастер
Устинова 	Милица Георгьевна	loginDEpll2018	J9pnJW	Менеджер по продажам
Беляков 	Семён Германнович	loginDEmox2018	Je}9e7	Менеджер по продажам
Рогов 	Ким Станиславович	loginDEdlu2018	JgY{Zo	Директор
Романова 	Оксана Мартыновна	loginDEcda2018	Ji63Jt	Заказчик
Кулаков 	Федот Георгьевич	loginDEpnl2018	jinnCV	Мастер
Щербаков 	Владимир Матвеевич	loginDEdup2018	JM+2{s	Мастер
Макарова 	Пелагея Антониновна	loginDEllw2018	jNtNUr	Мастер
Селиверстова 	Анжела Алексеевна	loginDEpiz2018	JTXLk6	Мастер
Поляков 	 Мэлор Геннадьевич	loginDEndh2018	JUYAwS	Заказчик
Доронина 	Фаина Якуновна	loginDEkma2018	jW{dgt	Заказчик
Матвеев 	Кондрат Иванович	loginDEovk2018	JyJM{A	Директор
Ершов 	Максим Геласьевич	loginDEwjm2018	k}DJKo	Мастер
Борисов 	Геннадий Вячеславович	loginDEobl2018	K+rV}b	Мастер
Полякова 	Анна Денисовна	loginDEuxg2018	K8jui7	Заказчик
Носков 	Альвиан Онисимович	loginDEhej2018	K9Z5Vp	Директор
Семёнова 	Октябрина Христофоровна	loginDEayn2018	Ka2Fok	Менеджер по закупкам
Ермакова 	Зинаида Данииловна	loginDEhqk2018	KBc4A+	Менеджер по закупкам
Яковлев 	Фёдор Мартынович	loginDEjoa2018	kChmEo	Директор
Кудрявцев 	Матвей Игоревич	loginDEdof2018	kD|LRU	Менеджер по продажам
Меркушев 	Дамир Улебович	loginDEgho2018	kDKj}M	Менеджер по продажам
Фадеев 	Виталий Анатольевич	loginDEqkn2018	KdU6uK	Заказчик
Наумов 	Ефим Онисимович	loginDEupl2018	KE6*k|	Мастер
Воронцова 	Наина Юрьевна	loginDEhmv2018	KE6+sS	Менеджер по закупкам
Кузьмин 	Максим Антонинович	loginDEklp2018	kecK{O	Менеджер по закупкам
Пономарёв 	Ярослав Лаврентьевич	loginDEvln2018	keXJ3o	Заказчик
Галкин 	Владислав Филатович	loginDEdgv2018	kfmvXj	Мастер
Беляков 	Владислав Богданович	loginDEpmv2018	kjE3El	Заказчик
Зиновьева 	Мария Лаврентьевна	loginDEdjm2018	KjI1JR	Менеджер по продажам
Назаров 	Степан Макарович	loginDEmqs2018	KRp6IW	Менеджер по продажам
Никонов 	Игорь Мстиславович	loginDEuyn2018	kSOtL9	Заказчик
Комиссаров 	Семён Павлович	loginDExky2018	Kt9EAS	Директор
Романов 	Аристарх Ильяович	loginDEjno2018	kuLGGL	Менеджер по продажам
Суворов 	Владислав Иринеевич	loginDEwtu2018	kVUA|*	Мастер
Носкова 	Пелагея Валерьевна	loginDEyek2018	KY2BL4	Заказчик
Сысоев 	Даниил Даниилович	loginDEqok2018	kZ6|yS	Директор
Козлова 	Мария Валерьяновна	loginDEkww2018	KzFIWJ	Менеджер по продажам
Ковалёв 	Аристарх Егорович	loginDEldj2018	kZwuDV	Директор
Сысоева 	Виктория Максимовна	loginDEitt2018	L+OKpQ	Мастер
Дроздов 	Борис Мэлорович	loginDEigl2018	L2J*KI	Директор
Максимов 	Ириней Дамирович	loginDEbbm2018	l4tp}r	Заказчик
Маслов 	Мстислав Антонинович	loginDEeqo2018	l5CBqA	Мастер
Ефремов 	Дамир Яковович	loginDExhi2018	l6eiog	Заказчик
Стрелков 	Борис Альбертович	loginDEklg2018	l9|xfT	Менеджер по закупкам
Поляков 	Георгий Авдеевич	loginDEmnq2018	laFpJG	Менеджер по продажам
Дорофеева 	Надежда Богдановна	loginDEyff2018	LB&hR+	Менеджер по продажам
Дроздова 	Фёкла Митрофановна	loginDElrx2018	lbX+dF	Мастер
Фёдоров 	Святослав Григорьевич	loginDEnsa2018	LdqH+T	Мастер
Матвиенко 	Фаина Демьяновна	loginDEaro2018	LE}Woo	Менеджер по закупкам
Кузнецов 	Фрол Георгьевич	loginDElno2018	le1vt2	Менеджер по закупкам
Гурьев 	Ириней Игнатьевич	loginDEvug2018	lEa{Cn	Заказчик
Петрова 	Иванна Андреевна	loginDEzqn2018	Lgd57H	Заказчик
Русакова 	Марина Юлиановна	loginDEiwl2018	LhlmIl	Менеджер по закупкам
Рябова 	Лукия Руслановна	loginDEhne2018	Lidn5o	Директор
Назаров 	Евгений Юлианович	loginDEhhe2018	LKkrzY	Менеджер по продажам
Якушева 	Ольга Игнатьевна	loginDEsnk2018	lkR1ZZ	Менеджер по закупкам
Бобров 	Агафон Владимирович	loginDEsnd2018	lLHqZf	Директор
Герасимов 	Олег Авксентьевич	loginDEetv2018	lNi&rF	Менеджер по продажам
Беспалов 	Демьян Витальевич	loginDEvqn2018	LPa|e3	Мастер
Архипов 	Варлам Мэлорович	loginDErks2018	LQNSjo	Менеджер по продажам
Соболева 	Валентина Созоновна	loginDEjzb2018	lRjz+1	Заказчик
Сазонов 	Протасий Игоревич	loginDEthb2018	Lt7|ok	Менеджер по продажам
Меркушев 	Мартын Федотович	loginDEdcd2018	LxR6YI	Мастер
Одинцов 	Никита Игоревич	loginDExsn2018	lY3vnH	Директор
Котов 	Анатолий Арсеньевич	loginDEdts2018	lyy5BX	Директор
Мельникова 	Таисия Лукьяновна	loginDEunc2018	M*DY73	Заказчик
Громов 	Егор Антонович	loginDEnpa2018	M*QLjf	Заказчик
Вишнякова 	Прасковья Всеволодовна	loginDEpty2018	m{Li1+	Директор
Копылова 	Антонина Макаровна	loginDEuwy2018	m0S8Hy	Заказчик
Тимофеев 	Фёдор Валентинович	loginDEhnh2018	m0WYQH	Директор
Пахомов 	Протасий Артёмович	loginDEnei2018	M2pIA8	Заказчик
Кудрявцев 	Евгений Александрович	loginDEvgu2018	m8VeJw	Заказчик
Кулаков 	Мэлор Вячеславович	loginDEipm2018	MAZl6|	Менеджер по продажам
Андреева 	Нина Михаиловна	loginDEkbf2018	mBqfYS	Директор
Русаков 	Василий Куприянович	loginDEtye2018	MEJjQt	Менеджер по закупкам
Брагина 	Анастасия Кимовна	loginDEwqd2018	MF2TkC	Заказчик
Алексеев 	Виктор Васильевич	loginDExfm2018	mh6|JS	Директор
Щербаков 	Георгий Богданович	loginDExrf2018	mhpRIT	Заказчик
Галкина 	Олимпиада Владленовна	loginDEqrf2018	mI8n58	Менеджер по продажам
Ситников 	Парфений Всеволодович	loginDEdpy2018	MJ0W|f	Менеджер по продажам
Меркушева 	Нинель Матвеевна	loginDEonq2018	mKIIRQ	Заказчик
Вишняков 	Сергей Иванович	loginDEoxa2018	mL+97r	Заказчик
Фомичёв 	Денис Федосеевич	loginDEeka2018	mLZvLv	Менеджер по продажам
Игнатьева 	Элеонора Олеговна	loginDEmhc2018	mMYPim	Заказчик
Пономарёв 	Дмитрий Гордеевич	loginDEeni2018	mpWg+d	Менеджер по закупкам
Бобылёва 	Юлия Егоровна	loginDEmvn2018	Mrr9e0	Заказчик
Матвиенко 	Яков Брониславович	loginDEvpz2018	mS0UxK	Менеджер по продажам
Путин 	Станислав Протасьевич	loginDEaul2018	MTZb+A	Заказчик
Федосеева 	Тамара Михаиловна	loginDEjrs2018	MVg{yd	Директор
Карпов 	Евгений Лукьевич	loginDEpfr2018	mW1Q36	Мастер
Пахомов 	Дмитрий Юлианович	loginDEruq2018	mXdZTI	Директор
Кудряшов 	Борис Иринеевич	loginDEztr2018	MYCgB7	Менеджер по закупкам
Моисеев 	Лукий Борисович	loginDEbsc2018	myJPKm	Заказчик
Горбачёв 	Ириней Викторович	loginDEdwi2018	n*aog&	Менеджер по продажам
Мишин 	Христофор Леонидович	loginDEzre2018	N*VX+G	Заказчик
Степанова 	Глафира Авксентьевна	loginDEhsb2018	n|I6A0	Заказчик
Ефимова 	Анжелика Николаевна	loginDEzby2018	n|MYCO	Мастер
Муравьёва 	Александра Ростиславовна	loginDEhcp2018	n2nfRl	Менеджер по закупкам
Артемьев 	Варлам Альбертович	loginDEkzo2018	n3es*S	Директор
Виноградов 	Созон Арсеньевич	loginDEeur2018	n4V{wP	Мастер
Копылова 	Ульяна Тихоновна	loginDEkro2018	N5|}vM	Менеджер по закупкам
Игнатьев 	Алексей Вадимович	loginDEojz2018	N50|5T	Менеджер по продажам
Лазарева 	Антонина Христофоровна	loginDEbes2018	NaVtyH	Менеджер по закупкам
Ершова 	Василиса Ярославовна	loginDEfiy2018	nBm{qt	Директор
Комиссарова 	Дарья Парфеньевна	loginDEzvg2018	NEACzR	Заказчик
Брагин 	Бронислав Георгьевич	loginDEfoj2018	nhGc+D	Директор
Кудрявцев 	Гордей Авксентьевич	loginDEnif2018	Nhj*t+	Менеджер по продажам
Капустина 	Любовь Викторовна	loginDEunh2018	nhp6F0	Мастер
Семёнов 	Герман Дмитрьевич	loginDErdg2018	ni0ue0	Менеджер по продажам
Маслов 	Геннадий Фролович	loginDEztn2018	nJBZpU	Мастер
Галкина 	Тамара Авксентьевна	loginDEdvk2018	NKNkup	Директор
Зиновьев 	Дамир Ефимович	loginDEaqv2018	nl0D9i	Мастер
Королёв 	Матвей Вадимович	loginDEgco2018	nMr|ss	Мастер
Архипов 	Агафон Игоревич	loginDEozn2018	nndP3Q	Директор
Зиновьев 	Иван Ильяович	loginDEelh2018	NNmfSo	Мастер
Зайцев 	Аристарх Егорович	loginDEszy2018	nq+dxM	Менеджер по продажам
Рожков 	Тихон Владиславович	loginDEymi2018	nR0+pI	Директор
Мартынов 	Олег Олегович	loginDEpux2018	NrtA{k	Менеджер по продажам
Титов 	Семён Иринеевич	loginDEexu2018	Nt44pG	Менеджер по продажам
Русаков 	Ярослав Агафонович	loginDEqoa2018	NUeFuT	Директор
Никитин 	Аркадий Дмитрьевич	loginDElag2018	NupBH|	Заказчик
Горбачёв 	Арсений Григорьевич	loginDEszg2018	NWkAVP	Заказчик
Калинин 	Бронислав Денисович	loginDEapw2018	NX6N*N	Менеджер по продажам
Терентьева 	Анжела Михаиловна	loginDEemw2018	NxhF5I	Директор
Носков 	Александр Богданович	loginDEjfr2018	nxLt10	Менеджер по продажам
Исаев 	Антон Брониславович	loginDEbdb2018	nxULDN	Заказчик
Иван 	Викторовна	loginDEptn2018	NXXNVO	Менеджер по закупкам
Баранов 	Станислав Дмитрьевич	loginDEloq2018	NZV5WR	Директор
Воронова 	Антонина Всеволодовна	loginDEscf2018	O|o5A+	Мастер
Сазонов 	Авксентий Брониславович	loginDEjoi2018	o}C4jv	Мастер
Агафонов 	Владлен Станиславович	loginDEfou2018	O+S9hm	Заказчик
Медведев 	Григорий Агафонович	loginDEosl2018	O3O}we	Менеджер по продажам
Родионов 	Григорий Антонович	loginDEotu2018	o5BP5N	Мастер
Козлов 	Геласий Христофорович	loginDEvlf2018	O5mXc2	Менеджер по закупкам
Жуков 	Тихон Германович	loginDEefa2018	O6TkFS	Мастер
Терентьева 	Анна Дамировна	loginDExeb2018	Oa}fkk	Заказчик
Брагин 	Куприян Митрофанович	loginDEpii2018	Ob}RZB	Заказчик
Зимин 	Василий Русланович	loginDEssm2018	oBrTGr	Заказчик
Дроздов 	Куприян Александрович	loginDEvvs2018	oBv+5G	Менеджер по продажам
Лыткина 	Милица Вячеславовна	loginDEjtd2018	ODotUj	Заказчик
Владимирова 	Полина Иринеевна	loginDEavf2018	oDTttg	Заказчик
Журавлёва 	Елизавета Артёмовна	loginDEvdz2018	OhnHez	Мастер
Владимиров 	Геннадий Еремеевич	loginDEfpm2018	oJ7&bs	Менеджер по продажам
Большаков 	Федот Владимирович	loginDEaua2018	OJgRk4	Менеджер по продажам
Чернова 	Агата Данииловна	loginDElhk2018	Okk0jY	Менеджер по закупкам
Веселов 	Вячеслав Аркадьевич	loginDEopr2018	Oklkhh	Менеджер по продажам
Карпов 	Артём Кимович	loginDEjyb2018	om9BwD	Директор
Исаева 	Елена Валерьяновна	loginDEqcb2018	oMOLh+	Менеджер по продажам
Антонова 	Ульяна Семёновна	loginDEjpp2018	oMOQq3	Заказчик
Дорофеева 	Валерия Павловна	loginDEhic2018	OPCVb1	Заказчик
Захарова 	Маргарита Авксентьевна	loginDEiai2018	OPjijt	Менеджер по продажам
Кулаков 	Авдей Донатович	loginDEaea2018	OQ8Kfz	Заказчик
Соболев 	Фрол Германович	loginDEvqh2018	oQmpma	Менеджер по продажам
Назаров 	Ким Кимович	loginDEtwc2018	oqx3Pv	Мастер
Трофимова 	Наталья Семёновна	loginDEldo2018	oWfgBB	Менеджер по закупкам
Герасимова 	Элеонора Вадимовна	loginDEhns2018	oX7tXV	Заказчик
Лукин 	Пётр Кондратович	loginDEqga2018	P+4p4a	Мастер
Фролов 	Юрий Варламович	loginDEole2018	p+kvb6	Менеджер по закупкам
Ковалёва 	Мария Максимовна	loginDEmjf2018	p+u{vH	Менеджер по закупкам
Ефремов 	Христофор Владиславович	loginDEyzn2018	P1v24R	Заказчик
Воронов 	Донат Никитевич	loginDEpxl2018	P6h4Jq	Директор
Блохин 	Парфений Владленович	loginDEfae2018	pa&d4a	Директор
Фамилия	Имя, отчество	Login	Password	Role
Суворова 	Валерия Борисовна	loginDEgyt2018	Pav+GP	Директор
Воронов 	Мэлс Семёнович	loginDEkhj2018	Pbc0t{	Мастер
Блинова 	Ангелина Владленовна	loginDEvop2018	pBP8rO	Менеджер по закупкам
Степанова 	Любовь Мэлсовна	loginDEqrj2018	PC2nrX	Менеджер по закупкам
Агафонов 	Ириней Фёдорович	loginDElzj2018	Ph0lH+	Менеджер по закупкам
Назаров 	Иван Мартынович	loginDEoni2018	phdlXA	Менеджер по закупкам
Галкин 	Владислав Кимович	loginDEdno2018	PJ05BT	Мастер
Герасимов 	Демьян Никитевич	loginDEnhf2018	PlKjdc	Заказчик
Медведева 	Мария Антониновна	loginDEsib2018	pM3n0J	Менеджер по продажам
Громова 	Фаина Лаврентьевна	loginDEnrq2018	pn{5RN	Заказчик
Нестеров 	Виктор Юлианович	loginDEjhb2018	PNvt8N	Заказчик
Меркушева 	Раиса Владленовна	loginDEgtk2018	pNWXhi	Заказчик
Игнатьев 	Федосей Богданович	loginDEmin2018	pQ6jze	Менеджер по продажам
Фомичёв 	Богдан Федотович	loginDEzpz2018	PRI8h7	Директор
Блохина 	Александра Митрофановна	loginDEooq2018	pSp9XX	Заказчик
Дорофеева 	Марина Никитевна	loginDEcbm2018	puJ4i1	Мастер
Смирнова 	Мария Иринеевна	loginDEntg2018	pVmHC0	Менеджер по закупкам
Фадеева 	Регина Онисимовна	loginDEzxw2018	pX&AsH	Мастер
Нестеров 	Анатолий Павлович	loginDEgza2018	PXAA7c	Директор
Мишин 	Эдуард Фёдорович	loginDEpgp2018	q|Ov9c	Мастер
Воронцов 	Валерьян Даниилович	loginDEkfs2018	q}b+Tf	Менеджер по продажам
Королёв 	Якун Степанович	loginDEsan2018	q7Qx66	Мастер
Буров 	Егор Арсеньевич	loginDEibc2018	qb8|Mk	Менеджер по закупкам
Евсеева 	Тамара Эдуардовна	loginDExvb2018	QC7KQ0	Менеджер по продажам
Бобылёв 	Якун Альбертович	loginDEyis2018	qcBZOv	Заказчик
Уваров 	Анатолий Парфеньевич	loginDEcnj2018	QCQd0Z	Заказчик
Алексеев 	Владислав Аркадьевич	loginDEbct2018	Qg3gff	Заказчик
Князев 	Егор Донатович	loginDEqql2018	QHE5zz	Менеджер по закупкам
Константинова 	Вероника Агафоновна	loginDEsgg2018	qhgYnW	Менеджер по закупкам
Мартынов 	Матвей Антонович	loginDEhzq2018	QhSJos	Заказчик
Котова 	Светлана Леонидовна	loginDEmgl2018	QJNgD&	Менеджер по продажам
Рожков 	Глеб Гордеевич	loginDEwxv2018	qK6y{W	Заказчик
Костина 	Юлия Дмитрьевна	loginDEqqw2018	qlJ6vk	Менеджер по закупкам
Ершова 	Иванна Максимовна	loginDEzqs2018	qM9p7i	Менеджер по продажам
Мясников 	Борис Лукьевич	loginDEhfv2018	QpAY63	Менеджер по закупкам
Кузьмина 	Прасковья Онисимовна	loginDEgbx2018	qrB{e1	Мастер
Лыткин 	Сергей Агафонович	loginDEwia2018	qVG5zl	Директор
Горбунов 	Вячеслав Станиславович	loginDEtto2018	qXYDuu	Менеджер по продажам
Медведева 	Ангелина Валентиновна	loginDEnoq2018	qyKzu6	Директор
Самойлов 	Агафон Юлианович	loginDExdk2018	qZhYRF	Менеджер по продажам
Андреев 	Лаврентий Созонович	loginDEubl2018	R&o+7+	Менеджер по закупкам
Комаров 	Аркадий Иванович	loginDEkdg2018	R0tt07	Директор
Маркова 	Ираида Сергеевна	loginDEkfg2018	r1060q	Заказчик
Крылов 	Авдей Анатольевич	loginDEpdv2018	r1HuS2	Мастер
Суханова 	Евгения Улебовна	loginDExvv2018	R1zh}|	Менеджер по продажам
Гаврилов 	Василий Германович	loginDEidx2018	R2j0mn	Менеджер по закупкам
Орехова 	Мария Станиславовна	loginDEndc2018	r3RSO9	Менеджер по закупкам
Панфилов 	Кондрат Антонинович	loginDEtaa2018	R8oTaQ	Заказчик
Кошелева 	Василиса Якововна	loginDEbfn2018	RCt1Sk	 Менеджер по закупкам
Александрова 	Марфа Протасьевна	loginDEvoa2018	RdGikC	Заказчик
Медведьев 	Василий Варламович	loginDEmub2018	RDXGd1	Заказчик
Кириллов 	Игнатий Ростиславович	loginDErip2018	re53rs	Мастер
Шубин 	Тихон Лаврентьевич	loginDEpri2018	RI2*T9	Менеджер по продажам
Игнатов 	Демьян Матвеевич	loginDEnnv2018	rITdxe	Мастер
Антонов 	Германн Мартынович	loginDEgdn2018	rkaUu0	Заказчик
Ефремов 	Протасий Протасьевич	loginDEdby2018	rleZVk	Менеджер по продажам
Рогов 	Никита Вячеславович	loginDEswq2018	Rm&++t	Заказчик
Пономарёв 	Максим Альвианович	loginDExex2018	rnh36{	Мастер
Родионова 	Тамара Валентиновна	loginDElqb2018	RNynil	Мастер
Степанова 	Любовь Лукьевна	loginDErgi2018	ROPHET	Менеджер по закупкам
Бобров 	Пётр Леонидович	loginDEdje2018	Ros+rl	Заказчик
Носкова 	Нинель Иринеевна	loginDExdd2018	rp22fO	Менеджер по продажам
Кузьмина 	Лукия Авдеевна	loginDEbwn2018	rr&WdV	Менеджер по продажам
Денисов 	Святослав Онисимович	loginDEyua2018	rW71Ck	Заказчик
Гуляева 	Лидия Ростиславовна	loginDEsze2018	S*{8Ml	Заказчик
Селезнёва 	Татьяна Антониновна	loginDExet2018	S*onWu	Менеджер по закупкам
Беспалов 	Григорий Христофорович	loginDEmri2018	s*YXSm	Мастер
Фокин 	Ириней Ростиславович	loginDEhsj2018	s+jrMW	Мастер
Петрова 	Агафья Константиновна	loginDEsld2018	s1Ndyp	Мастер
Воронов 	Олег Яковович	loginDEodd2018	s2|Eb1	Мастер
Давыдова 	Елена Георгьевна	loginDEgwm2018	S2JKft	Заказчик
Лыткина 	Ульяна Станиславовна	loginDEazg2018	s3bb|V	Мастер
Зиновьева 	Варвара Антоновна	loginDEluw2018	S3wj{I	Менеджер по продажам
Данилов 	Егор Валентинович	loginDEkuy2018	s4Vm64	Директор
Виноградов 	Матвей Анатольевич	loginDEchx2018	S5c&fX	Заказчик
Игнатьева 	Глафира Эдуардовна	loginDEecu2018	s6FMJ|	Мастер
Калашникова 	Венера Якуновна	loginDEvrd2018	S7N9hz	Мастер
Шилов 	Матвей Альбертович	loginDEhvg2018	SaHv6w	Директор
Осипов 	Евгений Иванович	loginDEqrd2018	sApUbt	Директор
Сергеев 	Еремей Серапионович	loginDEwim2018	Sbe&j}	Мастер
Блинов 	Мэлор Дамирович	loginDExzu2018	Sch+GG	Заказчик
Гущина 	Вера Ефимовна	loginDEmda2018	sG+NF0	Директор
Ковалёв 	Павел Денисович	loginDEsep2018	sG40du	Менеджер по продажам
Александрова 	Анжелика Евгеньевна	loginDEbye2018	sHjuzU	Менеджер по продажам
Мясникова 	Ия Евсеевна	loginDEmqt2018	SIasu5	Мастер
Гурьева 	Ангелина Матвеевна	loginDEaaf2018	SIBZnG	Менеджер по продажам
Устинов 	Владимир Федосеевич	loginDEctf2018	sjt*3N	Директор
Кулагин 	Лукий Брониславович	loginDEhrc2018	sk1mgK	Менеджер по продажам
Гаврилова 	Нинель Денисовна	loginDEwrc2018	SktJa|	Менеджер по закупкам
Щукина 	Марфа Глебовна	loginDEcxk2018	sM*fqO	Заказчик
Евдокимов 	Алексей Антонович	loginDEwxd2018	Smjq0v	Заказчик
Щукина 	Клавдия Куприяновна	loginDEgcb2018	St&dIw	Мастер
Евдокимов 	Ростислав Александрович	loginDEhep2018	SwRicr	Мастер
Логинова 	Элеонора Дмитрьевна	loginDEgcl2018	swu*ZT	Директор
Доронин 	Митрофан Лаврентьевич	loginDEend2018	SX8Z4A	Заказчик
Боброва 	Дарья Федосеевна	loginDEgva2018	SXlY&e	Мастер
Жуков 	Максим Николаевич	loginDEsds2018	SxMndn	Директор
Орехова 	Наина Кондратовна	loginDEcan2018	SZKNx{	Мастер
Нестеров 	Агафон Георгьевич	loginDExcd2018	SZXZNL	Мастер
Никонов 	Виктор Русланович	loginDEpjw2018	T*wJeK	Менеджер по продажам
Маслов 	Леонид Николаевич	loginDEfwx2018	t|*wCk	Менеджер по закупкам
Филатова 	Пелагея Якуновна	loginDEkbx2018	T}4cTC	Менеджер по закупкам
Артемьев 	Даниил Дамирович	loginDEdfh2018	t0CrUG	Менеджер по закупкам
Щукин 	Федосей Павлович	loginDEvzy2018	T5Qaaa	Директор
Ермакова 	Лидия Григорьевна	loginDEvmr2018	t6aouh	Менеджер по закупкам
Казакова 	Кира Вячеславовна	loginDEhkz2018	T6BAKi	Мастер
Корнилова 	Кира Брониславовна	loginDElkp2018	TA6grZ	Менеджер по закупкам
Казаков 	Виктор Аркадьевич	loginDEajx2018	TaE4Dg	Менеджер по продажам
Силин 	Игнатий Яковович	loginDEako2018	tD8J5+	Директор
Иванова 	Жанна Матвеевна	loginDEtog2018	TE757+	Мастер
Комиссаров 	Тихон Варламович	loginDEhwk2018	TeoCY0	Менеджер по продажам
Аксёнова 	Нинель Кондратовна	loginDEqjm2018	thu8kK	Мастер
Шарапова 	Глафира Мстиславовна	loginDElqo2018	TiSXX{	Менеджер по продажам
Лыткина 	Алевтина Романовна	loginDEsvs2018	tLgPnC	Менеджер по продажам
Суханов 	Станислав Фролович	loginDEzde2018	tlO3x&	Менеджер по продажам
Волков 	Николай Ярославович	loginDEket2018	TN4H+S	Менеджер по закупкам
Сафонов 	Семён Лаврентьевич	loginDEqpk2018	Tnh3DJ	Менеджер по продажам
Ефремов 	Демьян Артёмович	loginDEjfb2018	TNT+}h	Менеджер по продажам
Афанасьев 	Владлен Евгеньевич	loginDEeyg2018	TOcMjG	Заказчик
Михайлов 	Парфений Мэлорович	loginDEzqk2018	TOOuow	Менеджер по закупкам
Зуев 	Николай Георгьевич	loginDEdif2018	Tpivcr	Мастер
Пахомов 	Донат Евсеевич	loginDEdya2018	tS2NmR	Директор
Ершова 	Элеонора Ивановна	loginDEzyn2018	TSGsPV	Заказчик
Семёнова 	Жанна Онисимовна	loginDEtch2018	TsU4a5	Мастер
Кулаков 	Юрий Владленович	loginDEtco2018	tTKDJB	Мастер
Носков 	Семён Васильевич	loginDEgtz2018	Tv&BVy	Мастер
Евдокимов 	Геннадий Макарович	loginDEvmb2018	TY5Gd5	Директор
Якушев 	Евсей Лукьевич	loginDEdcx2018	TYlFkM	Мастер
Ершов 	Виктор Яковович	loginDErns2018	tz2wx5	Директор
Сысоев 	Анатолий Арсеньевич	loginDEvkg2018	tzCLIX	Мастер
Степанов 	Григорий Матвеевич	loginDErhl2018	U}rb9j	Директор
Ефимова 	Дарья Всеволодовна	loginDEuvi2018	U0W&Z&	Менеджер по продажам
Смирнов 	Мэлор Кондратович	loginDErmf2018	U4jeNa	Мастер
Морозова 	Феврония Всеволодовна	loginDEaeu2018	ubmJ{u	Мастер
Беляев 	Донат Агафонович	loginDEyct2018	uD+|Ud	Директор
Михайлов 	Ростислав Вадимович	loginDEmrf2018	uEB&n4	Директор
Быков 	Даниил Антонинович	loginDEmxi2018	uEQkUn	Менеджер по продажам
Тарасова 	Зоя Якуновна	loginDEyan2018	uf6Krf	Директор
Зимина 	Ольга Аркадьевна	loginDEyoo2018	UG1BjP	Директор
Фёдоров 	Аркадий Николаевич	loginDExxh2018	UgbzHK	Заказчик
Шестакова 	Иванна Ярославовна	loginDEzgc2018	UHIU&T	Мастер
Щербакова 	Агата Матвеевна	loginDEazz2018	uhLV9n	Менеджер по закупкам
Романов 	Германн Серапионович	loginDEiho2018	UIlg{8	Менеджер по продажам
Филиппова 	Фаина Фёдоровна	loginDEtqw2018	UJW+*N	Заказчик
Третьяков 	Валерьян Иринеевич	loginDEwul2018	uK&3Zr	Менеджер по закупкам
Нестеров 	Альберт Мстиславович	loginDEmww2018	ukBtoC	Директор
Цветкова 	Элеонора Аристарховна	loginDEtmn2018	UObB}N	Мастер
Белоусов 	Евсей Николаевич	loginDEcyg2018	UQA1Uu	Заказчик
Поляков 	Анатолий Игоревич	loginDEtfz2018	uQY0ZQ	Заказчик
Киселёв 	Анатолий Альвианович	loginDEcbi2018	UrluYp	Менеджер по закупкам
Боброва 	Варвара Евсеевна	loginDEoot2018	usi{aT	Менеджер по закупкам
Лапин 	Вячеслав Геласьевич	loginDEdat2018	ussd8Q	Директор
Громов 	Протасий Георгьевич	loginDEljv2018	utbJSk	Директор
Пестов 	Богдан Германнович	loginDEqsc2018	UU|FkZ	Директор
Шаров 	Григорий Созонович	loginDEwel2018	UU5FTi	Мастер
Суворова 	Зинаида Александровна	loginDEcdg2018	UYNHsU	Заказчик
Савельева 	Олимпиада Данииловна	loginDEfxd2018	uZm+f6	Менеджер по продажам
Молчанов 	Лукий Митрофанович	loginDEpvn2018	v18sXi	Мастер
Пахомова 	Элеонора Григорьевна	loginDEkny2018	v2+4Ro	Мастер
Дмитриев 	Никита Пётрович	loginDEaxl2018	V2S+Ih	Директор
Сысоев 	Демьян Антонинович	loginDErwb2018	v5RpBS	Директор
Орехова 	Агафья Пантелеймоновна	loginDEifv2018	V61gmp	Заказчик
Туров 	Христофор Филатович	loginDErvs2018	V7Rly7	Менеджер по закупкам
Волков 	Федосей Святославович	loginDEecw2018	V8}GOZ	Заказчик
Соловьёва 	Любовь Онисимовна	loginDEpjz2018	V8ArPO	Менеджер по закупкам
Белов 	Роман Иринеевич	loginDEfbs2018	v90Rep	Менеджер по закупкам
Гурьев 	Пётр Федотович	loginDEwoz2018	vAuXEx	Мастер
Яковлев 	Игнатий Даниилович	loginDEpyt2018	VAwNEk	Менеджер по закупкам
Мельникова 	Прасковья Мстиславовна	loginDEzfi2018	VbhJh*	Менеджер по закупкам
Вишнякова 	Людмила Евгеньевна	loginDEpib2018	VeJY8o	Менеджер по закупкам
Казакова 	Фаина Антониновна	loginDEykq2018	Veq1N7	Директор
Нестерова 	Алина Ростиславовна	loginDEltt2018	vJCz+l	Менеджер по закупкам
Коновалов 	Владлен Юрьевич	loginDElxp2018	vKdJGk	Менеджер по закупкам
Блинова 	Прасковья Агафоновна	loginDExbf2018	Vl9R|I	Мастер
Гришина 	Глафира Мэлсовна	loginDErid2018	vMG+ko	Менеджер по продажам
Воронцов 	Никита Лаврентьевич	loginDEvzo2018	VO7mOE	Менеджер по продажам
Лыткин 	Ким Алексеевич	loginDEwqc2018	vRtAP*	Менеджер по продажам
Бирюков 	Вячеслав Агафонович	loginDEffq2018	Vs0tGb	Менеджер по закупкам
Агафонов 	Пантелеймон Гордеевич	loginDEbgb2018	VtmP58	Менеджер по закупкам
Медведева 	Лариса Ростиславовна	loginDEypc2018	vtxvjy	Заказчик
Дроздов 	Аркадий Геласьевич	loginDEfuc2018	VuM+QT	Мастер
Горбачёв 	Пантелеймон Германович	loginDEpsu2018	Vx9cQ{	Менеджер по закупкам
Петухов 	Гордей Серапионович	loginDEepk2018	VZ&Ak7	Директор
Лазарев 	Протасий Игоревич	loginDEnsr2018	VZKTog	Менеджер по продажам
Русаков 	Борис Христофорович	loginDExil2018	w+++Ht	Директор
Ковалёва 	Феврония Всеволодовна	loginDEdqb2018	w+Sx*+	Заказчик
Шашков 	Филат Кимович	loginDEriw2018	W39VRH	Менеджер по продажам
Савельева 	Прасковья Георгьевна	loginDErzp2018	W6rx|w	Менеджер по закупкам
Шестаков 	Авдей Иванович	loginDEgnl2018	wdio{u	Мастер
Гурьева 	Ольга Аркадьевна	loginDEyzp2018	wFCnHN	Директор
Романов 	Анатолий Юлианович	loginDEdrt2018	wg*xRp	Менеджер по закупкам
Миронова 	Валерия Владиславовна	loginDEppq2018	Wgi6Ff	Заказчик
Наумова 	Вера Ивановна	loginDEmym2018	WhDPfl	Мастер
Крюков 	Евсей Семёнович	loginDEoio2018	wHOAvL	Заказчик
Мишин 	Донат Брониславович	loginDEayo2018	wHQKY5	Директор
Цветкова 	Алина Улебовна	loginDEafs2018	Wiw0VR	Директор
Кириллов 	Серапион Всеволодович	loginDExrj2018	WJrQlq	Менеджер по продажам
Журавлёв 	Агафон Мэлсович	loginDEvqe2018	wJzfcY	Директор
Дьячков 	Фрол Арсеньевич	loginDEdwq2018	WkTaBP	Менеджер по продажам
Волкова 	Алла Лукьевна	loginDEple2018	WlW+l8	Директор
Туров 	Юлиан Парфеньевич	loginDEzeq2018	WlZOJ3	Директор
Тимофеев 	Мартын Еремеевич	loginDEupi2018	WNX1|z	Директор
Калашников 	Бронислав Арсеньевич	loginDEuwn2018	wPbrBV	Менеджер по продажам
Лапина 	Фёкла Мстиславовна	loginDEdhh2018	WpZhYf	Заказчик
Гордеев 	Владлен Ефимович	loginDEvke2018	WQLXSl	Мастер
Исакова 	София Юрьевна	loginDEpmm2018	wRERed	Менеджер по закупкам
Некрасова 	Ирина Ильяовна	loginDEnsz2018	WS}BK1	Менеджер по продажам
Хохлова 	Мария Тихоновна	loginDExyv2018	wSMsO2	Директор
Иванов 	Вячеслав Парфеньевич	loginDEpxb2018	wso}8C	Директор
Тарасова 	Ксения Олеговна	loginDEebx2018	WTBC7e	Мастер
Вишняков 	Никита Семёнович	loginDEuvr2018	wu8lYK	Заказчик
Савельева 	Феврония Фёдоровна	loginDEsjj2018	wuVex4	Менеджер по продажам
Горшкова 	Полина Якововна	loginDEekp2018	wvC|+L	Мастер
Васильев 	Роман Матвеевич	loginDEbir2018	ww9{S1	Менеджер по закупкам
Кононов 	Геннадий Созонович	loginDEzrg2018	WXIgGi	Менеджер по закупкам
Пестов 	Роман Михаилович	loginDEmvd2018	wyLDa{	Мастер
Марков 	Александр Созонович	loginDEdjc2018	x*slLs	Менеджер по закупкам
Кондратьев 	Альвиан Протасьевич	loginDEskh2018	X{x9ae	Директор
Сорокин 	Агафон Семёнович	loginDEmmh2018	x1wAHo	Менеджер по продажам
Ситников 	Серапион Фролович	loginDEaic2018	X2adoa	Менеджер по закупкам
Бирюкова 	Пелагея Дмитрьевна	loginDElmy2018	X2LtuP	Менеджер по закупкам
Нестеров 	Анатолий Донатович	loginDEokf2018	X3+RZ0	Менеджер по закупкам
Брагина 	Алина Валерьевна	loginDEhuu2018	X31OEf	Заказчик
Лобанова 	Галина Демьяновна	loginDEnmc2018	X40l}h	Мастер
Шестаков 	Всеволод Лукьевич	loginDEjrt2018	x8St23	Мастер
Панфилова 	Марина Борисовна	loginDEbjs2018	Xap2ct	Менеджер по продажам
Комиссарова 	Варвара Руслановна	loginDEota2018	xc&O3U	Мастер
Гурьев 	Матвей Артёмович	loginDEryt2018	XcFoH*	Директор
Баранова 	Галина Еремеевна	loginDEudz2018	Xcjvmi	Заказчик
Зайцева 	Октябрина Станиславовна	loginDEwvg2018	XcZ4xF	Директор
Орлов 	Юрий Андреевич	loginDEgwr2018	xhCEUR	Менеджер по закупкам
Беляева 	Анна Вячеславовна	loginDEjbz2018	xIAWNI	Директор
Кулагин 	Матвей Якунович	loginDEheo2018	XiJmr9	Директор
Борисова 	Анжелика Анатольевна	loginDEanv2018	Xiq}M3	Директор
Рогов 	Лукьян Онисимович	loginDEwdj2018	xj+&hg	Мастер
Савина 	Таисия Глебовна	loginDEima2018	XK3sOA	Директор
Михеев 	Ярослав Антонович	loginDEnqq2018	XKrJOU	Менеджер по продажам
Зайцев 	Макар Владленович	loginDEyqb2018	xLmuQq	Менеджер по продажам
Баранов 	Валерьян Игнатьевич	loginDEgdb2018	xLvXN{	Директор
Иванов 	Игнатий Авксентьевич	loginDEobp2018	XNGjJy	Заказчик
Кабанов 	Виктор Парфеньевич	loginDEerm2018	XPr8zT	Заказчик
Щукина 	Надежда Германновна	loginDEykt2018	XQlo|S	Менеджер по закупкам
Блинова 	Марфа Николаевна	loginDEplk2018	xQxtYm	Мастер
Прохорова 	Нина Улебовна	loginDEfuv2018	xSvieW	Менеджер по продажам
Горбунов 	Григорий Денисович	loginDEpxx2018	Xv{vjN	Менеджер по закупкам
Андреева 	Александра Владиславовна	loginDEhks2018	XV|+W4	Менеджер по продажам
Лебедева 	Евдокия Ивановна	loginDEzhf2018	xws6L9	Директор
Ларионов 	Мартын Геласьевич	loginDEwka2018	y}vBjg	Директор
Носов 	Альберт Ярославович	loginDEtqb2018	Y+Dq4P	Мастер
Лобанова 	Акулина Игоревна	loginDEcox2018	y+vRV{	Менеджер по закупкам
Антонов 	Андрей Георгьевич	loginDEnxj2018	Y+Yif+	Директор
Тетерин 	Варлам Кимович	loginDEtix2018	Y5zv9+	Директор
Медведьев 	Федосей Агафонович	loginDEvut2018	Y7Mm*Y	Менеджер по продажам
Смирнов 	Сергей Яковович	loginDEwld2018	y9HStF	Менеджер по продажам
Бурова 	Марфа Федотовна	loginDEiin2018	y9l*b}	Мастер
Щербакова 	Октябрина Евгеньевна	loginDEqwh2018	yBJ1BR	Менеджер по закупкам
Артемьева 	Вероника Улебовна	loginDEqwf2018	YD3ird	Заказчик
Герасимов 	Мстислав Дамирович	loginDEqon2018	YeFbh6	Менеджер по продажам
Громова 	Маргарита Митрофановна	loginDEycc2018	YeTO&L	Заказчик
Зыков 	Геласий Лаврентьевич	loginDElom2018	Yg}k84	Мастер
Филиппов 	Борис Геннадьевич	loginDEppv2018	yg1DH+	Заказчик
Лапина 	Синклитикия Аристарховна	loginDEteq2018	YI+ss5	Менеджер по продажам
Мамонтова 	Элеонора Максимовна	loginDEuup2018	yJ}w5s	Директор
Исаков 	Константин Яковович	loginDEidg2018	YjZW6A	Заказчик
Зыков 	Иван Варламович	loginDEtuz2018	Yln7JW	Менеджер по закупкам
Туров 	Денис Геласьевич	loginDEioe2018	yMPu&2	Менеджер по закупкам
Дмитриев 	Григорий Мэлорович	loginDEpwa2018	yn5MLQ	Менеджер по продажам
Калашникова 	Александра Владимировна	loginDEwoe2018	yOtw2F	Директор
Никитина 	Татьяна Агафоновна	loginDEslj2018	YP*v6E	Менеджер по закупкам
Кулагин 	Мстислав Пётрович	loginDErhy2018	yQl65Q	Мастер
Наумов 	Мстислав Павлович	loginDEvxf2018	yS2WHF	Менеджер по продажам
Данилова 	Ангелина Аркадьевна	loginDEbzh2018	ysac1M	Заказчик
Фомичёва 	Светлана Тихоновна	loginDEgtc2018	ysRjen	Мастер
Тимофеев 	Федот Германнович	loginDEwmh2018	YTtWqJ	Менеджер по продажам
Шубина 	Маргарита Анатольевна	loginDEpgh2018	YV2lvh	Менеджер по продажам
Смирнов 	Евсей Сергеевич	loginDEron2018	ywlASa	Менеджер по продажам
Мартынов 	Онисим Брониславович	loginDEdxi2018	ywLUbA	Менеджер по продажам
Гаврилов 	Демьян Валентинович	loginDEgkj2018	yXC+SX	Директор
Иван 	Васильевна	loginDEwun2018	yy+Qhe	Заказчик
Кондратьев 	Бронислав Тихонович	loginDEmwq2018	YZ{snT	Директор
Гаврилова 	Алина Эдуардовна	loginDEzna2018	yz1iMB	Заказчик
Силин 	Вячеслав Валерьевич	loginDEfug2018	z|6cXV	Заказчик
Гущина 	Нонна Ефимовна	loginDEnnf2018	z|t5P{	Менеджер по закупкам
Лебедев 	Валерьян Кимович	loginDEyyj2018	z+U0XU	Менеджер по закупкам
Мишина 	Елизавета Романовна	loginDEbrr2018	Z7L|+i	Мастер
Богданов 	Егор Андреевич	loginDEefc2018	Zaj{+Y	Заказчик
Горбунов 	Валентин Григорьевич	loginDEzal2018	zbU8R5	Менеджер по продажам
Дорофеев 	Александр Авдеевич	loginDEvoe2018	zC6|UG	Директор
Сазонов 	Мэлор Созонович	loginDEygt2018	zDTc9&	Мастер
Беспалов 	Демьян Алексеевич	loginDEzdc2018	Zf8mx0	Заказчик
Новикова 	Лукия Ярославовна	loginDEwjv2018	ZfseKA	Менеджер по продажам
Сергеев 	Антонин Вадимович	loginDEzyb2018	ZG73**	Менеджер по закупкам
Анисимов 	Никита Гордеевич	loginDEcui2018	Zi1Tth	Менеджер по закупкам
Карпова 	Дарья Валерьевна	loginDEzwo2018	zkc0S}	Менеджер по закупкам
Фёдорова 	Алла Брониславовна	loginDEhix2018	ZKnd*0	Мастер
Ефимова 	Ираида Митрофановна	loginDEcbu2018	zLj0GQ	Менеджер по закупкам
Воронов 	Митрофан Антонович	loginDEvht2018	zMyS8Z	Заказчик
Кузьмин 	Василий Валерьевич	loginDEyhv2018	zNZYk{	Директор
Никонова 	Венера Станиславовна	loginDEevr2018	zO5l}l	Мастер
Потапов 	Геннадий Созонович	loginDEigv2018	ZOYxOn	Мастер
Орехова 	Клавдия Альбертовна	loginDEmxb2018	ZPXcRS	Менеджер по закупкам
Марков 	Вячеслав Владимирович	loginDEtmh2018	ZQ2*|q	Мастер
Юдин 	Валентин Геласьевич	loginDEwpm2018	zqnoi|	Заказчик
Суханова 	Фаина Юрьевна	loginDEzmk2018	ZrgBk6	Мастер
Мамонтова 	Ия Лукьяновна	loginDEjov2018	zS&ClK	Менеджер по продажам
Агафонов 	Агафон Максимович	loginDEwfv2018	ZSUiGT	Менеджер по закупкам
Миронова 	Глафира Сергеевна	loginDEjqp2018	zTKmDa	Заказчик
Симонов 	Юрий Созонович	loginDEltw2018	zvjkwE	Директор
Попова 	Татьяна Артёмовна	loginDEgwc2018	zWQpyU	Директор
Абрамов 	Игорь Семёнович	loginDEsmd2018	ZWSZHe	Заказчик
Кабанов 	Гордей Геласьевич	loginDEkit2018	Zx89p+	Заказчик
Шаров 	Герман Митрофанович	loginDEyje2018	zxEUoz	Менеджер по продажам
